login,password,title,lastname,firstname,gender,email,picture,address
fosterabigail,P7ghvUQJNr6myOEP,mrs,foster,abigail,female,abigail.foster60@example.com,https://api.randomuser.me/0.2/portraits/women/10.jpg,1851 saddle dr anna 69319
grahamallison,LT9FaWRD7J7gS9Dw,ms,graham,allison,female,allison.graham70@example.com,https://api.randomuser.me/0.2/portraits/women/35.jpg,6697 rolling green rd colorado springs 56306
clarksusan,ejWpJUUDQQ8BKpZm,miss,clark,susan,female,susan.clark11@example.com,https://api.randomuser.me/0.2/portraits/women/33.jpg,3627 groveland terrace ennis 70832
howardnicholas,zkUYnXEfdt6dGd4Y,mr,howard,nicholas,male,nicholas.howard84@example.com,https://api.randomuser.me/0.2/portraits/men/14.jpg,7964 e center st van alstyne 19750
fordhannah,39rCYTwmQngGXDol,mrs,ford,hannah,female,hannah.ford29@example.com,https://api.randomuser.me/0.2/portraits/women/30.jpg,3916 pecan acres ln salem 61414
cartergenesis,UCZCRajnRjtcGprr,mrs,carter,genesis,female,genesis.carter42@example.com,https://api.randomuser.me/0.2/portraits/women/35.jpg,1493 central st grapevine 16794
fosterkenzi,xQeCL8GnFXKuTHQr,mrs,foster,kenzi,female,kenzi.foster37@example.com,https://api.randomuser.me/0.2/portraits/women/23.jpg,4204 spring st shiloh 50907
wrightkatie,cV3MWFpvbcnMyZaT,miss,wright,katie,female,katie.wright60@example.com,https://api.randomuser.me/0.2/portraits/women/22.jpg,7855 rolling green rd fountain valley 42328
leegavin,Tp7gtmc3P7X1BOOR,mr,lee,gavin,male,gavin.lee41@example.com,https://api.randomuser.me/0.2/portraits/men/3.jpg,6401 daisy dr colorado springs 75316
rossjane,HLXWu2GJez7NHQzh,miss,ross,jane,female,jane.ross42@example.com,https://api.randomuser.me/0.2/portraits/women/5.jpg,1979 pockrus page rd cupertino 64368
forddouglas,DPaQKZUfwt2KJpzc,mr,ford,douglas,male,douglas.ford43@example.com,https://api.randomuser.me/0.2/portraits/men/2.jpg,6303 spring st joliet 11553
riverashannon,v9M7vaI8OlatXYqk,mrs,rivera,shannon,female,shannon.rivera95@example.com,https://api.randomuser.me/0.2/portraits/women/29.jpg,3909 railroad st rochester 78868
watsonkenzi,brigitte,miss,watson,kenzi,female,kenzi.watson58@example.com,https://api.randomuser.me/0.2/portraits/women/3.jpg,5094 n stelling rd ironville 43693
myersisabella,allgood,miss,myers,isabella,female,isabella.myers69@example.com,https://api.randomuser.me/0.2/portraits/women/10.jpg,8883 groveland terrace cedar hill 38457
edwardsabigail,yKKWwXYjOayWx5Yx,mrs,edwards,abigail,female,abigail.edwards34@example.com,https://api.randomuser.me/0.2/portraits/women/4.jpg,2840 brown terrace red bluff 47565
coxisaac,JZ3ptOn8OxxrdHTw,mr,cox,isaac,male,isaac.cox28@example.com,https://api.randomuser.me/0.2/portraits/men/35.jpg,6092 marsh ln fremont 78549
jonesallison,171gI9eMLid8B9yg,ms,jones,allison,female,allison.jones81@example.com,https://api.randomuser.me/0.2/portraits/women/23.jpg,7824 shady ln dr lousville 24000
sandersryan,kB84pY8S7JG0QIDu,mr,sanders,ryan,male,ryan.sanders19@example.com,https://api.randomuser.me/0.2/portraits/men/41.jpg,6673 ash dr roanoke 14327
martinezmark,2WUsK42DuuI5kz6U,mr,martinez,mark,male,mark.martinez26@example.com,https://api.randomuser.me/0.2/portraits/men/44.jpg,7244 samaritan dr stockton 71418
kuhnmark,jDY422smITa4ZJjN,mr,kuhn,mark,male,mark.kuhn95@example.com,https://api.randomuser.me/0.2/portraits/men/15.jpg,5051 ranchview dr eureka 58057
grahamadrian,24Xl9SmfzaSj6xhJ,mr,graham,adrian,male,adrian.graham60@example.com,https://api.randomuser.me/0.2/portraits/men/45.jpg,5516 washington ave ennis 63425
pattersonamanda,zASyU6iPX0d7ajaK,miss,patterson,amanda,female,amanda.patterson61@example.com,https://api.randomuser.me/0.2/portraits/women/22.jpg,1575 e little york rd grand prairie 81870
leeelizabeth,Zsx1I692dxiZlAZB,ms,lee,elizabeth,female,elizabeth.lee56@example.com,https://api.randomuser.me/0.2/portraits/women/28.jpg,4956 w gray st seymour 32611
fordamanda,Zsx1I692dxiZlAZB,miss,ford,amanda,female,amanda.ford21@example.com,https://api.randomuser.me/0.2/portraits/women/35.jpg,5337 saddle dr evansville 48204
perrykay,mulNSBBCPczis2Tg,mrs,perry,kay,female,kay.perry15@example.com,https://api.randomuser.me/0.2/portraits/women/20.jpg,1956 timber wolf trail north valley 79425
millerlandon,z299G5v2v8ZZPvN4,mr,miller,landon,male,landon.miller95@example.com,https://api.randomuser.me/0.2/portraits/men/3.jpg,5220 w belt line rd indianapolis 81440
cooksusan,8YwAZ38vW6i6LfWY,miss,cook,susan,female,susan.cook85@example.com,https://api.randomuser.me/0.2/portraits/women/14.jpg,1920 adams st pittsburgh 11793
williamsdylan,XlWinQ82C1bT1PMZ,mr,williams,dylan,male,dylan.williams12@example.com,https://api.randomuser.me/0.2/portraits/men/43.jpg,2136 camden ave lexington 34840
mitchellemary,4N6b7g8J3tVL5aP2,miss,mitchelle,mary,female,mary.mitchelle36@example.com,https://api.randomuser.me/0.2/portraits/women/20.jpg,2939 mockingbird hill wichita falls 28542
johnsonstephen,J1EIicq83r9oIIwp,mr,johnson,stephen,male,stephen.johnson97@example.com,https://api.randomuser.me/0.2/portraits/men/20.jpg,5344 harrison ct las vegas 43981
washingtonritthy,vs7xMAdZf46LLN6L,mr,washington,ritthy,male,ritthy.washington73@example.com,https://api.randomuser.me/0.2/portraits/men/17.jpg,3000 harrison ct altoona 42050
sullivankim,7bgWR97XEVJcpcVb,miss,sullivan,kim,female,kim.sullivan91@example.com,https://api.randomuser.me/0.2/portraits/women/32.jpg,7931 fincher rd new york 57273
scottdaniel,ywGYk7rqcf253cE9,mr,scott,daniel,male,daniel.scott61@example.com,https://api.randomuser.me/0.2/portraits/men/5.jpg,7734 central st fayetteville 15951
kuhnisabella,M92Oy9lcXfORINiw,mrs,kuhn,isabella,female,isabella.kuhn58@example.com,https://api.randomuser.me/0.2/portraits/women/0.jpg,8239 homestead rd duncanville 35822
fordlucas,eTZp0C352Afh0Lw9,mr,ford,lucas,male,lucas.ford93@example.com,https://api.randomuser.me/0.2/portraits/men/35.jpg,6670 spring st belen 74391
longpeter,UmtQXG3vyG1VYKvK,mr,long,peter,male,peter.long69@example.com,https://api.randomuser.me/0.2/portraits/men/39.jpg,2781 nowlin rd red oak 12073
youngaubrey,UmtQXG3vyG1VYKvK,miss,young,aubrey,female,aubrey.young59@example.com,https://api.randomuser.me/0.2/portraits/women/13.jpg,1690 w belt line rd rochmond 30569
campbellkathy,z5SYX5wutdMO1kD2,ms,campbell,kathy,female,kathy.campbell57@example.com,https://api.randomuser.me/0.2/portraits/women/24.jpg,6040 photinia ave salem 41262
davisnevaeh,BEyC3m686EcxUOjS,ms,davis,nevaeh,female,nevaeh.davis16@example.com,https://api.randomuser.me/0.2/portraits/women/4.jpg,6236 n stelling rd salt lake city 36220
perryanthony,Gb1k1T7082666Dgv,mr,perry,anthony,male,anthony.perry67@example.com,https://api.randomuser.me/0.2/portraits/men/46.jpg,2292 oak ridge ln altoona 74234
wrightisaac,ZcUBUprm9PrDdp7h,mr,wright,isaac,male,isaac.wright29@example.com,https://api.randomuser.me/0.2/portraits/men/13.jpg,4784 e north st tacoma 37116
hallliam,ElKC0vCjXCy0h8DE,mr,hall,liam,male,liam.hall25@example.com,https://api.randomuser.me/0.2/portraits/men/36.jpg,7885 valwood pkwy tacoma 63625
mitchelleisabella,rightnow,mrs,mitchelle,isabella,female,isabella.mitchelle88@example.com,https://api.randomuser.me/0.2/portraits/women/33.jpg,6694 ash dr frederick 13371
gonzaleslevi,MHLWl2X4tA9hru64,mr,gonzales,levi,male,levi.gonzales74@example.com,https://api.randomuser.me/0.2/portraits/men/45.jpg,1261 forest ln lewiston 43293
jacksonsarah,aLlsqY5eZZE9lBX9,miss,jackson,sarah,female,sarah.jackson65@example.com,https://api.randomuser.me/0.2/portraits/women/7.jpg,6827 taylor st stockton 77302
perryevan,YdSxgGz8UOgE8ojR,mr,perry,evan,male,evan.perry69@example.com,https://api.randomuser.me/0.2/portraits/men/22.jpg,4345 eason rd aubrey 64656
grahamharold,qhigVUDMv7sMx765,mr,graham,harold,male,harold.graham54@example.com,https://api.randomuser.me/0.2/portraits/men/21.jpg,2562 prospect rd sacramento 76127
rodriquezgeorge,p4g01utdSd7hau3L,mr,rodriquez,george,male,george.rodriquez83@example.com,https://api.randomuser.me/0.2/portraits/men/43.jpg,8382 plum st bernalillo 47378
scottcameron,fbNhw82P54LcD3QM,mr,scott,cameron,male,cameron.scott69@example.com,https://api.randomuser.me/0.2/portraits/men/32.jpg,7236 walnut hill ln eureka 34972
mooremadison,OVKsl671ApZ6Vamp,ms,moore,madison,female,madison.moore80@example.com,https://api.randomuser.me/0.2/portraits/women/32.jpg,4015 e little york rd shiloh 69658
sandersgabriel,dGDMK7pTpiC29pV4,mr,sanders,gabriel,male,gabriel.sanders85@example.com,https://api.randomuser.me/0.2/portraits/men/30.jpg,2733 white oak dr york 13882
hendersoncharlotte,18Lg7Ryk80Uret0X,mrs,henderson,charlotte,female,charlotte.henderson71@example.com,https://api.randomuser.me/0.2/portraits/women/11.jpg,8144 e center st fountain valley 68292
rosssebastian,7ZceOkH8T98ht0Jj,mr,ross,sebastian,male,sebastian.ross34@example.com,https://api.randomuser.me/0.2/portraits/men/39.jpg,3799 karen dr albuquerque 30284
evansgeorge,Kf6hUsVXg4cGSbNQ,mr,evans,george,male,george.evans13@example.com,https://api.randomuser.me/0.2/portraits/men/36.jpg,8825 wycliff ave addison 16150
clarkkim,fbNhw82P54LcD3QM,miss,clark,kim,female,kim.clark24@example.com,https://api.randomuser.me/0.2/portraits/women/9.jpg,4274 shady ln dr akron 45515
nelsonkristin,TAf89W76F43kFa9i,miss,nelson,kristin,female,kristin.nelson69@example.com,https://api.randomuser.me/0.2/portraits/women/12.jpg,2497 parker rd seattle 14311
turnerrebecca,TAf89W76F43kFa9i,miss,turner,rebecca,female,rebecca.turner94@example.com,https://api.randomuser.me/0.2/portraits/women/13.jpg,3742 green rd wilmington 81707
kellyleah,0dWYyDMfJlGljLNE,mrs,kelly,leah,female,leah.kelly61@example.com,https://api.randomuser.me/0.2/portraits/women/18.jpg,1242 ash dr toledo 24297
harristhomas,2j0BXO4FhThsni01,mr,harris,thomas,male,thomas.harris13@example.com,https://api.randomuser.me/0.2/portraits/men/6.jpg,7701 sunset st fresno 42090
fordwalter,8it9m943RFq2xEF4,mr,ford,walter,male,walter.ford33@example.com,https://api.randomuser.me/0.2/portraits/men/6.jpg,5836 cherry st escondido 83210
parkeravery,6P5tf28QWF5jqwmo,miss,parker,avery,female,avery.parker73@example.com,https://api.randomuser.me/0.2/portraits/women/7.jpg,4737 depaul dr yakima 71591
coxsandra,Ogpy483eoXrn7KRT,mrs,cox,sandra,female,sandra.cox68@example.com,https://api.randomuser.me/0.2/portraits/women/32.jpg,4320 wycliff ave lewiston 45629
leewilliam,8UwPRJtNNnOyIZ7G,mr,lee,william,male,william.lee91@example.com,https://api.randomuser.me/0.2/portraits/men/39.jpg,6346 woodland st celina 52937
fosterjune,256lo1Bi9Kwv2rEL,mrs,foster,june,female,june.foster74@example.com,https://api.randomuser.me/0.2/portraits/women/17.jpg,5834 bruce st vernon 28658
lewishunter,vpTaTzjUcfvuitQE,mr,lewis,hunter,male,hunter.lewis54@example.com,https://api.randomuser.me/0.2/portraits/men/5.jpg,7250 royal ln portland 47491
howardronald,tW2uYk769A16ff94,mr,howard,ronald,male,ronald.howard98@example.com,https://api.randomuser.me/0.2/portraits/men/24.jpg,8126 first street lancaster 48982
evanspeter,sHtG30QW3DnYl3MJ,mr,evans,peter,male,peter.evans17@example.com,https://api.randomuser.me/0.2/portraits/men/11.jpg,1497 e little york rd buffalo 35740
scottlandon,YT5hJVEhjb9h0NX2,mr,scott,landon,male,landon.scott35@example.com,https://api.randomuser.me/0.2/portraits/men/9.jpg,2418 prospect rd carrollton 61528
wardlinda,vovZpaYBk1d9Ok6T,ms,ward,linda,female,linda.ward84@example.com,https://api.randomuser.me/0.2/portraits/women/30.jpg,2911 harrison ct richardson 50760
thompsonaiden,U2UG9l6OKe4b4D5z,mr,thompson,aiden,male,aiden.thompson91@example.com,https://api.randomuser.me/0.2/portraits/men/31.jpg,8170 lovers ln boise 60466
cookscarlett,CmLdmm1ngrdZaO3m,miss,cook,scarlett,female,scarlett.cook25@example.com,https://api.randomuser.me/0.2/portraits/women/20.jpg,4396 karen dr long beach 50213
greenarthur,DdBg190rQI13BOkc,mr,green,arthur,male,arthur.green67@example.com,https://api.randomuser.me/0.2/portraits/men/22.jpg,1969 central st long beach 26083
graypeyton,PisWhNjyjfpLjml0,miss,gray,peyton,female,peyton.gray70@example.com,https://api.randomuser.me/0.2/portraits/women/19.jpg,7148 w sherman dr waxahachie 84174
clarkkaylee,4z7m41liFFSiXkxf,ms,clark,kaylee,female,kaylee.clark12@example.com,https://api.randomuser.me/0.2/portraits/women/20.jpg,4387 groveland terrace lewiston 43101
grayava,hr55sVC8tI0Qpo3J,ms,gray,ava,female,ava.gray70@example.com,https://api.randomuser.me/0.2/portraits/women/11.jpg,1252 w belt line rd edgewood 71425
colemanlandon,Gi644Eq2hQf24fnc,mr,coleman,landon,male,landon.coleman20@example.com,https://api.randomuser.me/0.2/portraits/men/17.jpg,7305 elgin st fort collins 74777
pattersonjennifer,j1Ku5TbLnC0PS46p,ms,patterson,jennifer,female,jennifer.patterson70@example.com,https://api.randomuser.me/0.2/portraits/women/29.jpg,5649 w pecan st charlotte 73247
jenkinsmason,4u9hn2P0nu4lbLdw,mr,jenkins,mason,male,mason.jenkins96@example.com,https://api.randomuser.me/0.2/portraits/men/15.jpg,2269 mockingbird hill plano 38104
mooreserenity,2H8w8NxW6mD256bu,miss,moore,serenity,female,serenity.moore43@example.com,https://api.randomuser.me/0.2/portraits/women/6.jpg,4872 smokey ln hamsburg 65324
diazjordan,8PhNyn3KnS698DJk,mr,diaz,jordan,male,jordan.diaz41@example.com,https://api.randomuser.me/0.2/portraits/men/35.jpg,3113 valley view ln forney 57506
hamiltonjayden,567cHV0uorOdh6Dr,mr,hamilton,jayden,male,jayden.hamilton45@example.com,https://api.randomuser.me/0.2/portraits/men/21.jpg,6478 fairview st farmers branch 75389
kuhnalbert,0Ko5xwCH4k3X0K3X,mr,kuhn,albert,male,albert.kuhn43@example.com,https://api.randomuser.me/0.2/portraits/men/10.jpg,3513 taylor st altoona 16470
myersashley,2PmkqR8W9IzF68F1,ms,myers,ashley,female,ashley.myers44@example.com,https://api.randomuser.me/0.2/portraits/women/23.jpg,6590 n stelling rd denver 24383
kuhnaiden,M70M3mlt03J7vZnR,mr,kuhn,aiden,male,aiden.kuhn80@example.com,https://api.randomuser.me/0.2/portraits/men/29.jpg,4813 bollinger rd seagoville 60924
jonescandice,mX11zM9vV2xrcy74,mrs,jones,candice,female,candice.jones60@example.com,https://api.randomuser.me/0.2/portraits/women/21.jpg,1264 brown terrace cleveland 76693
griffindylan,aE88jRH2CjNh0bdj,mr,griffin,dylan,male,dylan.griffin22@example.com,https://api.randomuser.me/0.2/portraits/men/30.jpg,8010 blossom hill rd york 42671
allenjessica,b4JcEW9huz25aMd1,ms,allen,jessica,female,jessica.allen64@example.com,https://api.randomuser.me/0.2/portraits/women/6.jpg,5574 spring st lancaster 44500
evansbrooklyn,QOko4Pdp424G8Uv8,mrs,evans,brooklyn,female,brooklyn.evans37@example.com,https://api.randomuser.me/0.2/portraits/women/17.jpg,4132 ash dr roseburg 50071
johnsonjack,o83h73u6FxD07JIo,mr,johnson,jack,male,jack.johnson47@example.com,https://api.randomuser.me/0.2/portraits/men/8.jpg,5337 hamilton ave providence 56747
riveralevi,YgO03ZgB448JbP5P,mr,rivera,levi,male,levi.rivera63@example.com,https://api.randomuser.me/0.2/portraits/men/20.jpg,6549 fincher rd nampa 56842
alexanderchloe,Jigk3jDAxkrvpF0M,miss,alexander,chloe,female,chloe.alexander85@example.com,https://api.randomuser.me/0.2/portraits/women/18.jpg,4376 wheeler ridge dr princeton 57200
thomasbrooklyn,9hp8b6Uu1czg9XTh,miss,thomas,brooklyn,female,brooklyn.thomas12@example.com,https://api.randomuser.me/0.2/portraits/women/30.jpg,1672 lakeview st stanley 47533
parkernoah,zfvUiYCr83k6D3cd,mr,parker,noah,male,noah.parker98@example.com,https://api.randomuser.me/0.2/portraits/men/31.jpg,4128 mockingbird hill altoona 68156
scottgrace,WpoT9I54EN4DmQ15,mrs,scott,grace,female,grace.scott91@example.com,https://api.randomuser.me/0.2/portraits/women/20.jpg,3534 e sandy lake rd shiloh 71489
reedcarl,RNXKsyljZC54uv38,mr,reed,carl,male,carl.reed98@example.com,https://api.randomuser.me/0.2/portraits/men/0.jpg,1964 lakeshore rd albuquerque 84622
gonzalesthomas,hGK5ys9fPBG1zN3S,mr,gonzales,thomas,male,thomas.gonzales30@example.com,https://api.randomuser.me/0.2/portraits/men/48.jpg,8799 e pecan st albuquerque 24923
thompsonsophie,jeMS7yq700UizJd9,miss,thompson,sophie,female,sophie.thompson36@example.com,https://api.randomuser.me/0.2/portraits/women/23.jpg,8740 w dallas st evansville 10379
myersjessica,EET431YuSoFnBr36,miss,myers,jessica,female,jessica.myers84@example.com,https://api.randomuser.me/0.2/portraits/women/21.jpg,7363 country club rd columbus 30408
thomasaddison,J216Ktg608QrvhaO,miss,thomas,addison,female,addison.thomas52@example.com,https://api.randomuser.me/0.2/portraits/women/0.jpg,1965 plum st dumas 36860
hamiltonharold,A3J6zr0shN5W4nHe,mr,hamilton,harold,male,harold.hamilton82@example.com,https://api.randomuser.me/0.2/portraits/men/12.jpg,6791 samaritan dr greensboro 20141
